{"cameraMode":{"drawMode":0,"name":"Shaded","section":"Shading Mode"},"sceneLighting":false,"audioPlay":false,"sceneViewState":{"showFog":true,"showMaterialUpdate":true,"showSkybox":true,"showFlares":true,"showImageEffects":true,"showParticleSystems":true},"in2DMode":false,"pivot":{"x":-2.9468612670898439,"y":4.586751937866211,"z":5.796764850616455},"rotation":{"x":0.024681096896529199,"y":-0.6981549263000488,"z":0.024095766246318818,"w":0.7151154279708862},"size":20.343700408935548,"orthographic":false}