{"cameraMode":{"drawMode":0,"name":"Shaded","section":"Shading Mode"},"sceneLighting":false,"audioPlay":false,"sceneViewState":{"showFog":true,"showMaterialUpdate":true,"showSkybox":true,"showFlares":true,"showImageEffects":true,"showParticleSystems":true},"in2DMode":false,"pivot":{"x":-0.45650577545166018,"y":-0.18899768590927125,"z":-8.823168754577637},"rotation":{"x":-0.02495698630809784,"y":0.7457168698310852,"z":-0.027977507561445237,"w":-0.6652073264122009},"size":9.859708786010743,"orthographic":false}