{"cameraMode":{"drawMode":0,"name":"Shaded","section":"Shading Mode"},"sceneLighting":false,"audioPlay":false,"sceneViewState":{"showFog":true,"showMaterialUpdate":true,"showSkybox":true,"showFlares":true,"showImageEffects":true,"showParticleSystems":true},"in2DMode":false,"pivot":{"x":-0.7474579811096191,"y":-1.097793459892273,"z":-3.3790295124053957},"rotation":{"x":-0.15942047536373139,"y":0.7136176824569702,"z":-0.17236681282520295,"w":-0.6600186228752136},"size":6.766587734222412,"orthographic":false}