{"cameraMode":{"drawMode":0,"name":"Shaded","section":"Shading Mode"},"sceneLighting":false,"audioPlay":false,"sceneViewState":{"showFog":true,"showMaterialUpdate":true,"showSkybox":true,"showFlares":true,"showImageEffects":true,"showParticleSystems":true},"in2DMode":false,"pivot":{"x":4.399999618530273,"y":2.8252010345458986,"z":-18.74288558959961},"rotation":{"x":-0.03208060562610626,"y":0.9531812071800232,"z":-0.10913588106632233,"w":-0.28018876910209658},"size":9.787654876708985,"orthographic":false}