{"cameraMode":{"drawMode":0,"name":"Shaded","section":"Shading Mode"},"sceneLighting":false,"audioPlay":false,"sceneViewState":{"showFog":true,"showMaterialUpdate":true,"showSkybox":true,"showFlares":true,"showImageEffects":true,"showParticleSystems":true},"in2DMode":false,"pivot":{"x":-0.5480480194091797,"y":0.10000002384185791,"z":-5.110000133514404},"rotation":{"x":-0.03208060562610626,"y":0.9531812071800232,"z":-0.10913588106632233,"w":-0.28018876910209658},"size":13.098180770874024,"orthographic":false}