{"cameraMode":{"drawMode":0,"name":"Shaded","section":"Shading Mode"},"sceneLighting":false,"audioPlay":false,"sceneViewState":{"showFog":true,"showMaterialUpdate":true,"showSkybox":true,"showFlares":true,"showImageEffects":true,"showParticleSystems":true},"in2DMode":false,"pivot":{"x":2.434116840362549,"y":-0.7183728218078613,"z":-0.3714633882045746},"rotation":{"x":0.07325854897499085,"y":-0.6274555921554565,"z":0.05947170406579971,"w":0.7729138731956482},"size":6.02896785736084,"orthographic":false}